,Age,Height,Weight,FCVC,NCP,CH2O,FAF,TUE
count,2111.0,2111.0,2111.0,2111.0,2111.0,2111.0,2111.0,2111.0
mean,24.312599908574136,1.7016773533870204,86.58605812648035,2.4190430615821885,2.6856280497394596,2.0080114040738986,1.0102976958787304,0.657865923732828
std,6.345968273732234,0.09330481986792007,26.1911717452047,0.5339265785033002,0.7780386488418612,0.6129534517968722,0.850592430836698,0.6089272596763782
min,14.0,1.45,39.0,1.0,1.0,1.0,0.0,0.0
25%,19.947192,1.63,65.473343,2.0,2.658738,1.5848125,0.124505,0.0
50%,22.77789,1.700499,83.0,2.385502,3.0,2.0,1.0,0.62535
75%,26.0,1.768464,107.430682,3.0,3.0,2.47742,1.6666775,1.0
max,61.0,1.98,173.0,3.0,4.0,3.0,3.0,2.0
